{
  "domain": "network_intrusion",
  "model_name": "xgboost_tuned",
  "scalar_metrics": {
    "accuracy": 0.7925,
    "precision": 0.9687,
    "recall": 0.6566,
    "f1": 0.7827,
    "roc_auc": 0.9731,
    "threshold": 0.5,
    "optimal_threshold": 0.05,
    "optimal_f1": 0.8498
  },
  "confusion_matrix": [
    [
      9439,
      272
    ],
    [
      4407,
      8426
    ]
  ],
  "classification_report": "              precision    recall  f1-score   support\n\n           0       0.68      0.97      0.80      9711\n           1       0.97      0.66      0.78     12833\n\n    accuracy                           0.79     22544\n   macro avg       0.83      0.81      0.79     22544\nweighted avg       0.85      0.79      0.79     22544\n",
  "optimal_threshold": 0.05,
  "feature_importance": {
    "service_ecr_i": 0.31265559792518616,
    "src_bytes": 0.18488582968711853,
    "service_http": 0.14709064364433289,
    "hot": 0.03905694559216499,
    "dst_bytes": 0.0338054783642292,
    "logged_in": 0.03014441393315792,
    "dst_host_same_srv_rate": 0.01711776666343212,
    "service_urp_i": 0.0170186348259449,
    "count": 0.014111075550317764,
    "service_ftp_data": 0.013526326045393944,
    "protocol_type_tcp": 0.011913574300706387,
    "diff_srv_rate": 0.011837033554911613,
    "dst_host_same_src_port_rate": 0.011225265450775623,
    "service_private": 0.01095980778336525,
    "flag_S1": 0.010740231722593307,
    "flag_RSTO": 0.007220219820737839,
    "protocol_type_icmp": 0.007114442065358162,
    "service_smtp": 0.006936247460544109,
    "dst_host_serror_rate": 0.006868103053420782,
    "service_domain_u": 0.006534001789987087,
    "flag_RSTR": 0.006491714622825384,
    "dst_host_srv_count": 0.006434672512114048,
    "dst_host_srv_diff_host_rate": 0.005948897451162338,
    "service_auth": 0.005838900804519653,
    "service_X11": 0.005381254479289055,
    "service_eco_i": 0.0045370422303676605,
    "duration": 0.004442786332219839,
    "num_failed_logins": 0.0043723853304982185,
    "dst_host_srv_serror_rate": 0.003913737367838621,
    "dst_host_rerror_rate": 0.003812757320702076,
    "num_compromised": 0.0035418642219156027,
    "wrong_fragment": 0.0033201163168996572,
    "serror_rate": 0.002888002898544073,
    "is_guest_login": 0.002812695223838091,
    "flag_REJ": 0.002413605572655797,
    "flag_SF": 0.002366739558055997,
    "num_root": 0.0023382287472486496,
    "service_IRC": 0.002288548741489649,
    "dst_host_diff_srv_rate": 0.0021876210812479258,
    "dst_host_count": 0.001971741672605276,
    "srv_count": 0.0019261065172031522,
    "same_srv_rate": 0.001893200445920229,
    "srv_serror_rate": 0.0018538483418524265,
    "service_telnet": 0.0018266940023750067,
    "service_finger": 0.0018045465694740415,
    "root_shell": 0.0016207396984100342,
    "land": 0.001406428636983037,
    "service_ftp": 0.0013929260894656181,
    "flag_S0": 0.0013578920625150204,
    "num_file_creations": 0.0012568666134029627,
    "srv_diff_host_rate": 0.0011544979643076658,
    "rerror_rate": 0.0009075848502106965,
    "dst_host_srv_rerror_rate": 0.0008774265879765153,
    "protocol_type_udp": 0.000715473317541182,
    "srv_rerror_rate": 0.0006623289082199335,
    "num_shells": 0.0006550405523739755,
    "service_other": 0.000623468600679189,
    "urgent": 0.0,
    "su_attempted": 0.0,
    "num_access_files": 0.0,
    "num_outbound_cmds": 0.0,
    "is_host_login": 0.0,
    "service_Z39_50": 0.0,
    "service_aol": 0.0,
    "service_bgp": 0.0,
    "service_courier": 0.0,
    "service_csnet_ns": 0.0,
    "service_ctf": 0.0,
    "service_daytime": 0.0,
    "service_discard": 0.0,
    "service_domain": 0.0,
    "service_echo": 0.0,
    "service_efs": 0.0,
    "service_exec": 0.0,
    "service_gopher": 0.0,
    "service_harvest": 0.0,
    "service_hostnames": 0.0,
    "service_http_2784": 0.0,
    "service_http_443": 0.0,
    "service_http_8001": 0.0,
    "service_imap4": 0.0,
    "service_iso_tsap": 0.0,
    "service_klogin": 0.0,
    "service_kshell": 0.0,
    "service_ldap": 0.0,
    "service_link": 0.0,
    "service_login": 0.0,
    "service_mtp": 0.0,
    "service_name": 0.0,
    "service_netbios_dgm": 0.0,
    "service_netbios_ns": 0.0,
    "service_netbios_ssn": 0.0,
    "service_netstat": 0.0,
    "service_nnsp": 0.0,
    "service_nntp": 0.0,
    "service_ntp_u": 0.0,
    "service_pm_dump": 0.0,
    "service_pop_2": 0.0,
    "service_pop_3": 0.0,
    "service_printer": 0.0,
    "service_red_i": 0.0,
    "service_remote_job": 0.0,
    "service_rje": 0.0,
    "service_shell": 0.0,
    "service_sql_net": 0.0,
    "service_ssh": 0.0,
    "service_sunrpc": 0.0,
    "service_supdup": 0.0,
    "service_systat": 0.0,
    "service_tftp_u": 0.0,
    "service_tim_i": 0.0,
    "service_time": 0.0,
    "service_urh_i": 0.0,
    "service_uucp": 0.0,
    "service_uucp_path": 0.0,
    "service_vmnet": 0.0,
    "service_whois": 0.0,
    "flag_OTH": 0.0,
    "flag_RSTOS0": 0.0,
    "flag_S2": 0.0,
    "flag_S3": 0.0,
    "flag_SH": 0.0
  },
  "n_test_samples": 22544,
  "n_positive": 12833
}